Continent,Country
North America,Bermuda
Africa,Burkina Faso
Europe,Czech Republic
Asia,Myanmar
North America,Puerto Rico
Europe,Russia
Europe,Slovak Republic
North America,St. Vincent and the Grenadines
North America,United States
Asia,Timor-Leste
Africa,CÃ´te d'Ivoire
Africa,Cabo Verde
North America,Caribbean small states
Europe,Central Europe and the Baltics
Africa,Dem. Rep. Congo
Asia,Hong Kong SAR China
Asia,Korea
Europe,Kosovo
Asia,Kyrgyz Republic
Asia,Lao PDR
Asia,Macao SAR China
Africa,SÃ£o TomÃ© and Principe
North America,St. Kitts and Nevis
North America,St. Lucia
North America,The Bahamas
Africa,The Gambia
Asia,West Bank and Gaza
South America,Aruba
Asia,Brunei Darussalam
North America,Cayman Islands
Africa,Central African Rep.
Africa,Congo (Democratic Republic of the)
Africa,Cote d'Ivoire
Asia,Dem. People's Rep. of Korea
North America,Dominican Rep.
Europe,Faroe Islands
South America,French Guiana
Oceania,French Polynesia
Europe,Gibraltar
Europe,Greenland
Oceania,Guam
Europe,Guernsey
Asia,Hong Kong China
Asia,Iran (Islamic Rep. of)
Europe,Jersey
Asia,Korea (Rep. of)
Asia,Lao P.D.R.
Asia,Macao China
Oceania,Micronesia (Fed. States of)
Oceania,New Caledonia
Asia,Palestine
Europe,T.F.Y.R. Macedonia
Asia,Viet Nam
North America,Virgin Islands (U.S.)
Africa,Algeria
Africa,Angola
Africa,Benin
Africa,Botswana
Africa,Burkina
Africa,Burundi
Africa,Cameroon
Africa,Cape Verde
Africa,Central African Republic
Africa,Chad
Africa,Comoros
Africa,Congo
Africa,"Congo, Democratic Republic of"
Africa,Djibouti
Africa,Egypt
Africa,Equatorial Guinea
Africa,Eritrea
Africa,Ethiopia
Africa,Gabon
Africa,Gambia
Africa,Ghana
Africa,Guinea
Africa,Guinea-Bissau
Africa,Ivory Coast
Africa,Kenya
Africa,Lesotho
Africa,Liberia
Africa,Libya
Africa,Madagascar
Africa,Malawi
Africa,Mali
Africa,Mauritania
Africa,Mauritius
Africa,Morocco
Africa,Mozambique
Africa,Namibia
Africa,Niger
Africa,Nigeria
Africa,Rwanda
Africa,Sao Tome and Principe
Africa,Senegal
Africa,Seychelles
Africa,Sierra Leone
Africa,Somalia
Africa,South Africa
Africa,South Sudan
Africa,Sudan
Africa,Swaziland
Africa,Tanzania
Africa,Togo
Africa,Tunisia
Africa,Uganda
Africa,Zambia
Africa,Zimbabwe
Asia,Afghanistan
Asia,Bahrain
Asia,Bangladesh
Asia,Bhutan
Asia,Brunei
Asia,Burma (Myanmar)
Asia,Cambodia
Asia,China
Asia,East Timor
Asia,India
Asia,Indonesia
Asia,Iran
Asia,Iraq
Asia,Israel
Asia,Japan
Asia,Jordan
Asia,Kazakhstan
Asia,"Korea, North"
Asia,"Korea, South"
Asia,Kuwait
Asia,Kyrgyzstan
Asia,Laos
Asia,Lebanon
Asia,Malaysia
Asia,Maldives
Asia,Mongolia
Asia,Nepal
Asia,Oman
Asia,Pakistan
Asia,Philippines
Asia,Qatar
Asia,Russian Federation
Asia,Saudi Arabia
Asia,Singapore
Asia,Sri Lanka
Asia,Syria
Asia,Tajikistan
Asia,Thailand
Asia,Turkey
Asia,Turkmenistan
Asia,United Arab Emirates
Asia,Uzbekistan
Asia,Vietnam
Asia,Yemen
Europe,Albania
Europe,Andorra
Europe,Armenia
Europe,Austria
Europe,Azerbaijan
Europe,Belarus
Europe,Belgium
Europe,Bosnia and Herzegovina
Europe,Bulgaria
Europe,Croatia
Europe,Cyprus
Europe,CZ
Europe,Denmark
Europe,Estonia
Europe,Finland
Europe,France
Europe,Georgia
Europe,Germany
Europe,Greece
Europe,Hungary
Europe,Iceland
Europe,Ireland
Europe,Italy
Europe,Latvia
Europe,Liechtenstein
Europe,Lithuania
Europe,Luxembourg
Europe,Macedonia
Europe,Malta
Europe,Moldova
Europe,Monaco
Europe,Montenegro
Europe,Netherlands
Europe,Norway
Europe,Poland
Europe,Portugal
Europe,Romania
Europe,San Marino
Europe,Serbia
Europe,Slovakia
Europe,Slovenia
Europe,Spain
Europe,Sweden
Europe,Switzerland
Europe,Ukraine
Europe,United Kingdom
Europe,Vatican City
North America,Antigua and Barbuda
North America,Bahamas
North America,Barbados
North America,Belize
North America,Canada
North America,Costa Rica
North America,Cuba
North America,Dominica
North America,Dominican Republic
North America,El Salvador
North America,Grenada
North America,Guatemala
North America,Haiti
North America,Honduras
North America,Jamaica
North America,Mexico
North America,Nicaragua
North America,Panama
North America,Saint Kitts and Nevis
North America,Saint Lucia
North America,Saint Vincent and the Grenadines
North America,Trinidad and Tobago
North America,US
Oceania,Australia
Oceania,Fiji
Oceania,Kiribati
Oceania,Marshall Islands
Oceania,Micronesia
Oceania,Nauru
Oceania,New Zealand
Oceania,Palau
Oceania,Papua New Guinea
Oceania,Samoa
Oceania,Solomon Islands
Oceania,Tonga
Oceania,Tuvalu
Oceania,Vanuatu
South America,Argentina
South America,Bolivia
South America,Brazil
South America,Chile
South America,Colombia
South America,Ecuador
South America,Guyana
South America,Paraguay
South America,Peru
South America,Suriname
South America,Uruguay
South America,Venezuela
